decade,median,p10,p90,vulnerable_decade
2010,5.9943001014031685,5.896587380043165,7.27075467150169,False
2020,6.0440664702511455,5.374172639190477,7.138028049792268,False
2030,6.066237632282251,5.458103259906658,6.271173284573346,False
2040,5.772151000281538,5.09824529873856,6.331667839612536,False
2050,5.3434667068836195,4.995223414626068,6.443338251589769,False
2060,5.7294844308586965,4.997532223842388,6.468102067731476,False
2070,5.258662879604856,4.717113188545798,5.973417377163262,False
2080,5.334049077761568,5.14435180352432,6.080280464841684,False
2090,5.492861498170585,5.109590349001731,6.5448374780902725,False
2100,5.075866191969814,5.075866191969814,5.075866191969814,False
